{"current":{"color_body_bg":"#ffffff","color_body_text":"#333333","color_borders":"#333333","color_primary":"#333333","color_secondary":"#000000","color_product_background":"rgba(0,0,0,0)","color_sale_tag":"#990000","color_input":"#f6f6f6","color_newsletter":"#f6f6f6","color_drawer_background":"#ffffff","color_drawer_text":"#333333","color_drawer_border":"#333333","color_drawer_button":"#000000","color_drawer_button_text":"#ffffff","type_header_family":"Google_Open+Sans_700_sans","type_header_base_size":"30px","type_header_border_thickness":"1px","type_accent_family":"Google_Open+Sans_400_sans","type_accent_transform":true,"type_accent_spacing":true,"type_base_family":"Google_Open+Sans_400_sans","type_base_size":"14px","type_base_italize_titles":true,"cart_type":"drawer","cart_notes_enable":false,"social_facebook_link":"#","social_twitter_link":"","social_pinterest_link":"","social_instagram_link":"https:\/\/www.instagram.com\/britachebybri\/","social_snapchat_link":"","social_google_plus_link":"","social_tumblr_link":"","social_youtube_link":"","social_vimeo_link":"","social_fancy_link":"","share_facebook":true,"share_twitter":true,"share_pinterest":true,"favicon":"shopify:\/\/shop_images\/fav.png","checkout_header_image":"","checkout_logo_image":"shopify:\/\/shop_images\/logo2.png","checkout_logo_position":"left","checkout_logo_size":"large","checkout_body_background_image":"","checkout_body_background_color":"#fff","checkout_input_background_color_mode":"white","checkout_sidebar_background_image":"","checkout_sidebar_background_color":"#f5f5f5","checkout_heading_font":"Open Sans","checkout_body_font":"Roboto","checkout_accent_color":"#7a7a7a","checkout_button_color":"#000000","checkout_error_color":"#ff6d6d","checkout_banner_background_color":"#fff","checkout_call_to_action_color":"#a26b25","checkout_use_header_image":false,"collection_products_grid":"collage","collection_sort_enable":false,"collection_tags_enable":true,"customer_layout":"customer_area","favicon_enable":false,"footer_newsletter_enable":true,"footer_quicklinks_enable":true,"header_search_enable":false,"hero_home_auto":true,"home_featured_collections_sort":"auto","home_featured_products_grid":"collage","home_hero_auto_speed":"7000","product_vendor_enable":false,"product_zoom_enable":true,"social_sharing_style":"clean","sections":{"slideshow":{"type":"slideshow","blocks":{"1523907052310":{"type":"slide","settings":{"image":"shopify:\/\/shop_images\/slider4_c496ddb0-7a55-4d93-a844-34da91fbb708.jpg","slide_text_color":"is-dark","slide_subheading":"","slide_heading":"","slide_cta":"","slide_link":"https:\/\/www.britachebybri.com\/collections\/ss19"}},"1523907727920":{"type":"slide","settings":{"image":"shopify:\/\/shop_images\/slider5.jpg","slide_text_color":"is-dark","slide_subheading":"","slide_heading":"","slide_cta":"","slide_link":"https:\/\/www.britachebybri.com\/collections\/ss19"}},"1524111742119":{"type":"slide","settings":{"image":"shopify:\/\/shop_images\/1.jpg","slide_text_color":"is-dark","slide_subheading":"","slide_heading":"","slide_cta":"","slide_link":"https:\/\/www.britachebybri.com\/collections\/ss19"}}},"block_order":["1523907052310","1523907727920","1524111742119"],"settings":{"hero_home_auto":true,"home_hero_auto_speed":"7000"}},"featured-products":{"type":"featured-products","settings":{"title":"Our Favourites","home_featured_products":"ss19","collection_products_grid":"grid"}},"newsletter":{"type":"newsletter","settings":{}},"drawer-menu":{"type":"drawer-menu","settings":{"drawer_top_link_list":"main-menu","drawer_bottom_link_list":"extramobilemenu"}},"header":{"type":"header","settings":{"main_menu_link_list":"main-menu","logo":"shopify:\/\/shop_images\/logo2.png","logo-inverted":"shopify:\/\/shop_images\/logo.png","logo_max_width":"250","header_search_enable":true}},"footer":{"type":"footer","settings":{"footer_link_list":"footer"}},"collection-template":{"type":"collection-template","settings":{"collection_products_grid":"grid","collection_tags_enable":false,"product_vendor_enable":false}},"product-template":{"type":"product-template","settings":{"zoom_enable":false,"social_sharing_products":true,"product_vendor_enable":false}},"1490011121891":{"type":"instagram","blocks":{"1490011121891-0":{"type":"text","settings":{"home_page_richtext":"<p>Use this text to share information about your brand with your customers. Describe a product, share announcements, or welcome customers to your store.<\/p>"}}},"block_order":["1490011121891-0"],"settings":{}},"1493210274827":{"type":"featured-collections","blocks":{"1493210274827-1":{"type":"collection","settings":{"collection":"ss19-collection"}},"1493210274827-0":{"type":"collection","settings":{"collection":"boutique-collection"}},"1493210274827-2":{"type":"collection","settings":{"collection":"ss19"}}},"block_order":["1493210274827-1","1493210274827-0","1493210274827-2"],"settings":{"title":"Collection list"}},"featured-collections":{"type":"featured-collections","blocks":{"1524208132669":{"type":"collection","settings":{"collection":"ss19-collection"}},"1524208145138":{"type":"collection","settings":{"collection":"boutique-collection"}},"1524208152739":{"type":"collection","settings":{"collection":"ss19"}}},"block_order":["1524208132669","1524208145138","1524208152739"],"settings":{"title":"Collection list"}}},"content_for_index":["1493210274827","featured-products","1490011121891","newsletter"]},"presets":{"Brooklyn":{"cart_type":"drawer","cart_notes_enable":false,"checkout_accent_color":"#a26b25","checkout_banner_background_color":"#fff","checkout_button_color":"#000000","checkout_call_to_action_color":"#a26b25","checkout_use_header_image":false,"collection_products_grid":"collage","collection_sort_enable":false,"collection_tags_enable":true,"color_body_bg":"#ffffff","color_body_text":"#1c1d1d","color_borders":"#1c1d1d","color_drawer_background":"#1c1d1d","color_drawer_border":"#343535","color_drawer_button":"#a26b25","color_drawer_button_text":"#ffffff","color_drawer_text":"#ffffff","color_input":"#f6f6f6","color_newsletter":"#f6f6f6","color_primary":"#1c1d1d","color_product_background":"#f7f7f7","color_sale_tag":"#990000","color_secondary":"#a26b25","customer_layout":"customer_area","favicon_enable":false,"footer_newsletter_enable":true,"footer_quicklinks_enable":true,"header_search_enable":false,"hero_home_auto":true,"home_featured_collections_sort":"auto","home_featured_products_grid":"collage","home_hero_auto_speed":"7000","product_vendor_enable":false,"product_zoom_enable":true,"share_facebook":true,"share_pinterest":true,"share_twitter":true,"social_sharing_style":"clean","type_accent_family":"Google_Montserrat_400_sans","type_accent_spacing":true,"type_accent_transform":true,"type_base_family":"Google_Arapey_400_serif","type_base_italize_titles":true,"type_base_size":"16px","type_header_base_size":"30px","type_header_border_thickness":"1px","type_header_family":"Google_Old+Standard+TT_400_serif","sections":{"slideshow":{"type":"slideshow","blocks":{"slideshow-0":{"type":"slide","settings":{}},"slideshow-1":{"type":"slide","settings":{}}},"block_order":["slideshow-0","slideshow-1"],"settings":{}},"featured-products":{"type":"featured-products","settings":{"home_featured_products":"frontpage"}},"featured-content":{"type":"featured-content","blocks":{"featured-content-0":{"type":"text","settings":{}}},"block_order":["featured-content-0"],"settings":{}},"featured-collections":{"type":"featured-collections","blocks":{"featured-collections-0":{"type":"collection","settings":{}},"featured-collections-1":{"type":"collection","settings":{}},"featured-collections-2":{"type":"collection","settings":{}}},"block_order":["featured-collections-0","featured-collections-1","featured-collections-2"],"settings":{}},"newsletter":{"type":"newsletter","settings":{}}},"content_for_index":["featured-content","featured-collections","featured-products","newsletter"]}}}