[{"name":"theme_info","theme_name":"Brooklyn","theme_author":"Shopify","theme_version":"1.0.0","theme_documentation_url":"https:\/\/help.shopify.com\/manual\/using-themes\/themes-by-shopify\/brooklyn","theme_support_url":"https:\/\/support.shopify.com\/"},{"name":"Colors","settings":[{"type":"header","content":"General"},{"type":"color","id":"color_body_bg","label":"Background"},{"type":"color","id":"color_body_text","label":"Text","default":"#333333"},{"type":"color","id":"color_borders","label":"Line color","default":"#e5e5e5"},{"type":"color","id":"color_primary","label":"Buttons","default":"#204a80"},{"type":"color","id":"color_secondary","label":"Links and accents","default":"#dcdcdc"},{"type":"color","id":"color_product_background","label":"Product background"},{"type":"color","id":"color_sale_tag","label":"Sale tags"},{"type":"color","id":"color_input","label":"Form fields"},{"type":"color","id":"color_newsletter","label":"Newsletter and tables background","default":"#f6f6f6"},{"type":"header","content":"Drawers"},{"type":"color","id":"color_drawer_background","label":"Background","default":"#1c1d1d"},{"type":"color","id":"color_drawer_text","label":"Text","default":"#ffffff"},{"type":"color","id":"color_drawer_border","label":"Lines and borders","default":"#373838"},{"type":"color","id":"color_drawer_button","label":"Buttons","default":"#c7ac7e"},{"type":"color","id":"color_drawer_button_text","label":"Button text","default":"#ffffff"}]},{"name":"Typography","settings":[{"type":"header","content":"Headings"},{"type":"select","id":"type_header_family","label":"Font","options":[{"value":"'Avant Garde', Avantgarde, 'Century Gothic', CenturyGothic, 'AppleGothic', sans-serif","label":"Avant Garde","group":"Sans-serif"},{"value":"'Gill Sans', 'Gill Sans MT', Calibri, sans-serif","label":"Gill Sans","group":"Sans-serif"},{"value":"'HelveticaNeue', 'Helvetica Neue', Helvetica, Arial, sans-serif","label":"Helvetica Neue","group":"Sans-serif"},{"value":"Arial, 'Helvetica Neue', Helvetica, sans-serif","label":"Arial","group":"Sans-serif"},{"value":"Candara, Calibri, Segoe, 'Segoe UI', Optima, Arial, sans-serif","label":"Candara","group":"Sans-serif"},{"value":"Geneva, Tahoma, Verdana, sans-serif","label":"Geneva","group":"Sans-serif"},{"value":"Google_Droid+Sans_400_sans","label":"Droid Sans","group":"Sans-serif | Google Web Fonts"},{"value":"Google_Droid+Sans_700_sans","label":"Droid Sans Bold","group":"Sans-serif | Google Web Fonts"},{"value":"Google_Lato_400_sans","label":"Lato","group":"Sans-serif | Google Web Fonts"},{"value":"Google_Lato_700_sans","label":"Lato Bold","group":"Sans-serif | Google Web Fonts"},{"value":"Google_Montserrat_400_sans","label":"Montserrat","group":"Sans-serif | Google Web Fonts"},{"value":"Google_Montserrat_700_sans","label":"Montserrat Bold","group":"Sans-serif | Google Web Fonts"},{"value":"Google_Open+Sans_400_sans","label":"Open Sans","group":"Sans-serif | Google Web Fonts"},{"value":"Google_Open+Sans_700_sans","label":"Open Sans Bold","group":"Sans-serif | Google Web Fonts"},{"value":"Google_PT+Sans_400_sans","label":"PT Sans","group":"Sans-serif | Google Web Fonts"},{"value":"Google_PT+Sans_700_sans","label":"PT Sans Bold","group":"Sans-serif | Google Web Fonts"},{"value":"Google_Roboto_400_sans","label":"Roboto","group":"Sans-serif | Google Web Fonts"},{"value":"Google_Roboto_700_sans","label":"Roboto Bold","group":"Sans-serif | Google Web Fonts"},{"value":"Google_Source+Sans+Pro_400_sans","label":"Source Sans Pro","group":"Sans-serif | Google Web Fonts"},{"value":"Google_Source+Sans+Pro_700_sans","label":"Source Sans Pro Bold","group":"Sans-serif | Google Web Fonts"},{"value":"Google_Ubuntu_400_sans","label":"Ubuntu","group":"Sans-serif | Google Web Fonts"},{"value":"Google_Ubuntu_700_sans","label":"Ubuntu Bold","group":"Sans-serif | Google Web Fonts"},{"value":"'Big Caslon', 'Book Antiqua', 'Palatino Linotype', Georgia, serif","label":"Big Caslon","group":"Serif"},{"value":"'Calisto MT', 'Bookman Old Style', Bookman, 'Goudy Old Style', Garamond, 'Hoefler Text', 'Bitstream Charter', Georgia, serif","label":"Calisto MT","group":"Serif"},{"value":"Baskerville, 'Baskerville Old Face', 'Hoefler Text', Garamond, 'Times New Roman', serif","label":"Baskerville","group":"Serif"},{"value":"Garamond, Baskerville, 'Baskerville Old Face', 'Hoefler Text', 'Times New Roman', serif","label":"Garamond","group":"Serif"},{"value":"TimesNewRoman, 'Times New Roman', Times, Baskerville, Georgia, serif","label":"Times New Roman","group":"Serif"},{"value":"Google_Arvo_400_serif","label":"Arvo","group":"Serif | Google Web Fonts"},{"value":"Google_Arvo_700_serif","label":"Arvo Bold","group":"Serif | Google Web Fonts"},{"value":"Google_Crimson+Text_400_serif","label":"Crimson Text","group":"Serif | Google Web Fonts"},{"value":"Google_Crimson+Text_700_serif","label":"Crimson Text Bold","group":"Serif | Google Web Fonts"},{"value":"Google_Droid+Serif_400_serif","label":"Droid Serif","group":"Serif | Google Web Fonts"},{"value":"Google_Droid+Serif_700_serif","label":"Droid Serif Bold","group":"Serif | Google Web Fonts"},{"value":"Google_Lora_400_serif","label":"Lora","group":"Serif | Google Web Fonts"},{"value":"Google_Lora_700_serif","label":"Lora Bold","group":"Serif | Google Web Fonts"},{"value":"Google_Old+Standard+TT_400_serif","label":"Old Standard","group":"Serif | Google Web Fonts"},{"value":"Google_Old+Standard+TT_700_serif","label":"Old Standard Bold","group":"Serif | Google Web Fonts"},{"value":"Google_PT+Serif_400_serif","label":"PT Serif","group":"Serif | Google Web Fonts"},{"value":"Google_PT+Serif_700_serif","label":"PT Serif Bold","group":"Serif | Google Web Fonts"},{"value":"Google_Vollkorn_400_serif","label":"Vollkorn","group":"Serif | Google Web Fonts"},{"value":"Google_Vollkorn_700_serif","label":"Vollkorn Bold","group":"Serif | Google Web Fonts"}]},{"type":"select","id":"type_header_base_size","label":"Base size","options":[{"value":"26px","label":"26px"},{"value":"28px","label":"28px"},{"value":"30px","label":"30px"},{"value":"32px","label":"32px"},{"value":"34px","label":"34px"}]},{"type":"select","id":"type_header_border_thickness","label":"Underline thickness","options":[{"value":"1px","label":"Light"},{"value":"2px","label":"Medium"},{"value":"3px","label":"Bold"}]},{"type":"header","content":"Accent text","info":"Menus, buttons, and subheadings"},{"type":"select","id":"type_accent_family","label":"Font","options":[{"value":"'Avant Garde', Avantgarde, 'Century Gothic', CenturyGothic, 'AppleGothic', sans-serif","label":"Avant Garde","group":"Sans-serif"},{"value":"'Gill Sans', 'Gill Sans MT', Calibri, sans-serif","label":"Gill Sans","group":"Sans-serif"},{"value":"'HelveticaNeue', 'Helvetica Neue', Helvetica, Arial, sans-serif","label":"Helvetica Neue","group":"Sans-serif"},{"value":"Arial, 'Helvetica Neue', Helvetica, sans-serif","label":"Arial","group":"Sans-serif"},{"value":"Candara, Calibri, Segoe, 'Segoe UI', Optima, Arial, sans-serif","label":"Candara","group":"Sans-serif"},{"value":"Geneva, Tahoma, Verdana, sans-serif","label":"Geneva","group":"Sans-serif"},{"value":"Google_Droid+Sans_400_sans","label":"Droid Sans","group":"Sans-serif | Google Web Fonts"},{"value":"Google_Droid+Sans_700_sans","label":"Droid Sans Bold","group":"Sans-serif | Google Web Fonts"},{"value":"Google_Lato_400_sans","label":"Lato","group":"Sans-serif | Google Web Fonts"},{"value":"Google_Lato_700_sans","label":"Lato Bold","group":"Sans-serif | Google Web Fonts"},{"value":"Google_Montserrat_400_sans","label":"Montserrat","group":"Sans-serif | Google Web Fonts"},{"value":"Google_Montserrat_700_sans","label":"Montserrat Bold","group":"Sans-serif | Google Web Fonts"},{"value":"Google_Open+Sans_400_sans","label":"Open Sans","group":"Sans-serif | Google Web Fonts"},{"value":"Google_Open+Sans_700_sans","label":"Open Sans Bold","group":"Sans-serif | Google Web Fonts"},{"value":"Google_PT+Sans_400_sans","label":"PT Sans","group":"Sans-serif | Google Web Fonts"},{"value":"Google_PT+Sans_700_sans","label":"PT Sans Bold","group":"Sans-serif | Google Web Fonts"},{"value":"Google_Roboto_400_sans","label":"Roboto","group":"Sans-serif | Google Web Fonts"},{"value":"Google_Roboto_700_sans","label":"Roboto Bold","group":"Sans-serif | Google Web Fonts"},{"value":"Google_Source+Sans+Pro_400_sans","label":"Source Sans Pro","group":"Sans-serif | Google Web Fonts"},{"value":"Google_Source+Sans+Pro_700_sans","label":"Source Sans Pro Bold","group":"Sans-serif | Google Web Fonts"},{"value":"Google_Ubuntu_400_sans","label":"Ubuntu","group":"Sans-serif | Google Web Fonts"},{"value":"Google_Ubuntu_700_sans","label":"Ubuntu Bold","group":"Sans-serif | Google Web Fonts"},{"value":"'Big Caslon', 'Book Antiqua', 'Palatino Linotype', Georgia, serif","label":"Big Caslon","group":"Serif"},{"value":"'Calisto MT', 'Bookman Old Style', Bookman, 'Goudy Old Style', Garamond, 'Hoefler Text', 'Bitstream Charter', Georgia, serif","label":"Calisto MT","group":"Serif"},{"value":"Baskerville, 'Baskerville Old Face', 'Hoefler Text', Garamond, 'Times New Roman', serif","label":"Baskerville","group":"Serif"},{"value":"Garamond, Baskerville, 'Baskerville Old Face', 'Hoefler Text', 'Times New Roman', serif","label":"Garamond","group":"Serif"},{"value":"Georgia, 'Hoefler Text', 'Times New Roman', serif","label":"Georgia","group":"Serif"},{"value":"TimesNewRoman, 'Times New Roman', Times, Baskerville, Georgia, serif","label":"Times New Roman","group":"Serif"},{"value":"Google_Arvo_400_serif","label":"Arvo","group":"Serif | Google Web Fonts"},{"value":"Google_Arvo_700_serif","label":"Arvo Bold","group":"Serif | Google Web Fonts"},{"value":"Google_Crimson+Text_400_serif","label":"Crimson Text","group":"Serif | Google Web Fonts"},{"value":"Google_Crimson+Text_700_serif","label":"Crimson Text Bold","group":"Serif | Google Web Fonts"},{"value":"Google_Droid+Serif_400_serif","label":"Droid Serif","group":"Serif | Google Web Fonts"},{"value":"Google_Droid+Serif_700_serif","label":"Droid Serif Bold","group":"Serif | Google Web Fonts"},{"value":"Google_Lora_400_serif","label":"Lora","group":"Serif | Google Web Fonts"},{"value":"Google_Lora_700_serif","label":"Lora Bold","group":"Serif | Google Web Fonts"},{"value":"Google_PT+Serif_400_serif","label":"PT Serif","group":"Serif | Google Web Fonts"},{"value":"Google_PT+Serif_700_serif","label":"PT Serif Bold","group":"Serif | Google Web Fonts"},{"value":"Google_Vollkorn_400_serif","label":"Vollkorn","group":"Serif | Google Web Fonts"},{"value":"Google_Vollkorn_700_serif","label":"Vollkorn Bold","group":"Serif | Google Web Fonts"}]},{"type":"checkbox","id":"type_accent_transform","label":"Capitalize text"},{"type":"checkbox","id":"type_accent_spacing","label":"Space letters"},{"type":"header","content":"Body text"},{"type":"select","id":"type_base_family","label":"Font","options":[{"value":"'Avant Garde', Avantgarde, 'Century Gothic', CenturyGothic, 'AppleGothic', sans-serif","label":"Avant Garde","group":"Sans-serif"},{"value":"'Gill Sans', 'Gill Sans MT', Calibri, sans-serif","label":"Gill Sans","group":"Sans-serif"},{"value":"'HelveticaNeue', 'Helvetica Neue', Helvetica, Arial, sans-serif","label":"Helvetica Neue","group":"Sans-serif"},{"value":"Arial, 'Helvetica Neue', Helvetica, sans-serif","label":"Arial","group":"Sans-serif"},{"value":"Candara, Calibri, Segoe, 'Segoe UI', Optima, Arial, sans-serif","label":"Candara","group":"Sans-serif"},{"value":"Geneva, Tahoma, Verdana, sans-serif","label":"Geneva","group":"Sans-serif"},{"value":"Google_Droid+Sans_400_sans","label":"Droid Sans","group":"Sans-serif | Google Web Fonts"},{"value":"Google_Droid+Sans_700_sans","label":"Droid Sans Bold","group":"Sans-serif | Google Web Fonts"},{"value":"Google_Lato_400_sans","label":"Lato","group":"Sans-serif | Google Web Fonts"},{"value":"Google_Lato_700_sans","label":"Lato Bold","group":"Sans-serif | Google Web Fonts"},{"value":"Google_Montserrat_400_sans","label":"Montserrat","group":"Sans-serif | Google Web Fonts"},{"value":"Google_Montserrat_700_sans","label":"Montserrat Bold","group":"Sans-serif | Google Web Fonts"},{"value":"Google_Open+Sans_400_sans","label":"Open Sans","group":"Sans-serif | Google Web Fonts"},{"value":"Google_Open+Sans_700_sans","label":"Open Sans Bold","group":"Sans-serif | Google Web Fonts"},{"value":"Google_PT+Sans_400_sans","label":"PT Sans","group":"Sans-serif | Google Web Fonts"},{"value":"Google_PT+Sans_700_sans","label":"PT Sans Bold","group":"Sans-serif | Google Web Fonts"},{"value":"Google_Roboto_400_sans","label":"Roboto","group":"Sans-serif | Google Web Fonts"},{"value":"Google_Roboto_700_sans","label":"Roboto Bold","group":"Sans-serif | Google Web Fonts"},{"value":"Google_Source+Sans+Pro_400_sans","label":"Source Sans Pro","group":"Sans-serif | Google Web Fonts"},{"value":"Google_Source+Sans+Pro_700_sans","label":"Source Sans Pro Bold","group":"Sans-serif | Google Web Fonts"},{"value":"Google_Ubuntu_400_sans","label":"Ubuntu","group":"Sans-serif | Google Web Fonts"},{"value":"Google_Ubuntu_700_sans","label":"Ubuntu Bold","group":"Sans-serif | Google Web Fonts"},{"value":"'Big Caslon', 'Book Antiqua', 'Palatino Linotype', Georgia, serif","label":"Big Caslon","group":"Serif"},{"value":"'Calisto MT', 'Bookman Old Style', Bookman, 'Goudy Old Style', Garamond, 'Hoefler Text', 'Bitstream Charter', Georgia, serif","label":"Calisto MT","group":"Serif"},{"value":"Baskerville, 'Baskerville Old Face', 'Hoefler Text', Garamond, 'Times New Roman', serif","label":"Baskerville","group":"Serif"},{"value":"Garamond, Baskerville, 'Baskerville Old Face', 'Hoefler Text', 'Times New Roman', serif","label":"Garamond","group":"Serif"},{"value":"Georgia, 'Hoefler Text', 'Times New Roman', serif","label":"Georgia","group":"Serif"},{"value":"TimesNewRoman, 'Times New Roman', Times, Baskerville, Georgia, serif","label":"Times New Roman","group":"Serif"},{"value":"Google_Arapey_400_serif","label":"Arapey","group":"Serif | Google Web Fonts"},{"value":"Google_Arvo_400_serif","label":"Arvo","group":"Serif | Google Web Fonts"},{"value":"Google_Arvo_700_serif","label":"Arvo Bold","group":"Serif | Google Web Fonts"},{"value":"Google_Crimson+Text_400_serif","label":"Crimson Text","group":"Serif | Google Web Fonts"},{"value":"Google_Crimson+Text_700_serif","label":"Crimson Text Bold","group":"Serif | Google Web Fonts"},{"value":"Google_Droid+Serif_400_serif","label":"Droid Serif","group":"Serif | Google Web Fonts"},{"value":"Google_Droid+Serif_700_serif","label":"Droid Serif Bold","group":"Serif | Google Web Fonts"},{"value":"Google_Lora_400_serif","label":"Lora","group":"Serif | Google Web Fonts"},{"value":"Google_Lora_700_serif","label":"Lora Bold","group":"Serif | Google Web Fonts"},{"value":"Google_PT+Serif_400_serif","label":"PT Serif","group":"Serif | Google Web Fonts"},{"value":"Google_PT+Serif_700_serif","label":"PT Serif Bold","group":"Serif | Google Web Fonts"},{"value":"Google_Vollkorn_400_serif","label":"Vollkorn","group":"Serif | Google Web Fonts"},{"value":"Google_Vollkorn_700_serif","label":"Vollkorn Bold","group":"Serif | Google Web Fonts"}]},{"type":"select","id":"type_base_size","label":"Base size","options":[{"value":"14px","label":"14px"},{"value":"15px","label":"15px"},{"value":"16px","label":"16px"},{"value":"17px","label":"17px"}]},{"type":"checkbox","id":"type_base_italize_titles","label":"Italicize titles, blockquotes, drop-down links, comment author name, and dates."}]},{"name":"Cart page","settings":[{"type":"select","id":"cart_type","options":[{"value":"page","label":"Page"},{"value":"drawer","label":"Drawer"}],"label":"Cart type"},{"type":"checkbox","id":"cart_notes_enable","label":"Enable order notes"}]},{"name":"Social media","settings":[{"type":"header","content":"Accounts"},{"type":"text","id":"social_facebook_link","label":"Facebook","info":"https:\/\/www.facebook.com\/shopify"},{"type":"text","id":"social_twitter_link","label":"Twitter","info":"https:\/\/twitter.com\/shopify"},{"type":"text","id":"social_pinterest_link","label":"Pinterest","info":"https:\/\/www.pinterest.com\/shopify"},{"type":"text","id":"social_instagram_link","label":"Instagram","info":"https:\/\/instagram.com\/shopify"},{"type":"text","id":"social_snapchat_link","label":"Snapchat","info":"https:\/\/www.snapchat.com\/add\/shopify"},{"type":"text","id":"social_google_plus_link","label":"Google Plus","info":"https:\/\/plus.google.com\/+shopify"},{"type":"text","id":"social_tumblr_link","label":"Tumblr","info":"http:\/\/shopify.tumblr.com"},{"type":"text","id":"social_youtube_link","label":"YouTube","info":"https:\/\/www.youtube.com\/user\/shopify"},{"type":"text","id":"social_vimeo_link","label":"Vimeo","info":"https:\/\/vimeo.com\/shopify"},{"type":"text","id":"social_fancy_link","label":"Fancy","info":"http:\/\/fancy.com\/Shopify"},{"type":"header","content":"Sharing options"},{"type":"checkbox","id":"share_facebook","label":"Share on Facebook"},{"type":"checkbox","id":"share_twitter","label":"Tweet on Twitter"},{"type":"checkbox","id":"share_pinterest","label":"Pin on Pinterest"}]},{"name":"Background images","settings":[{"type":"header","content":"Background images"},{"type":"image","id":"about_us_image.jpg","label":"about us page background"},{"type":"image","id":"contact_us_image.jpg","label":"contact us page background"}]},{"name":"Favicon","settings":[{"type":"image_picker","id":"favicon","label":"Favicon image","info":"Will be scaled down to 32 x 32px"}]}]